"car000","owner 000","group 000"
"car001","owner 001","group 001"
"car002","owner 002","group 002"
"car003","owner 003","group 003"
"car004","owner 004","group 004"
"car005","owner 005","group 005"
"car006","owner 006","group 006"
"car007","owner 007","group 007"
"car008","owner 008","group 008"
"car009","owner 009","group 009"
"car010","owner 010","group 010"
"car011","owner 011","group 011"
"car012","owner 012","group 012"
"car013","owner 013","group 013"
"car014","owner 014","group 014"
"car015","owner 015","group 015"
"car016","owner 016","group 016"
"car017","owner 017","group 017"
"car018","owner 018","group 018"
"car019","owner 019","group 019"
"car020","owner 020","group 020"
"car021","owner 021","group 021"
"car022","owner 022","group 022"
"car023","owner 023","group 023"
"car024","owner 024","group 024"
"car025","owner 025","group 025"
"car026","owner 026","group 026"
"car027","owner 027","group 027"
"car028","owner 028","group 028"
"car029","owner 029","group 029"
"car030","owner 030","group 030"
"car031","owner 031","group 031"
"car032","owner 032","group 032"
"car033","owner 033","group 033"
"car034","owner 034","group 034"
"car035","owner 035","group 035"
"car036","owner 036","group 036"
"car037","owner 037","group 037"
"car038","owner 038","group 038"
"car039","owner 039","group 039"
"car040","owner 040","group 040"
"car041","owner 041","group 041"
"car042","owner 042","group 042"
"car043","owner 043","group 043"
"car044","owner 044","group 044"
"car045","owner 045","group 045"
"car046","owner 046","group 046"
"car047","owner 047","group 047"
"car048","owner 048","group 048"
"car049","owner 049","group 049"
"car050","owner 050","group 050"
"car051","owner 051","group 051"
"car052","owner 052","group 052"
"car053","owner 053","group 053"
"car054","owner 054","group 054"
"car055","owner 055","group 055"
"car056","owner 056","group 056"
"car057","owner 057","group 057"
"car058","owner 058","group 058"
"car059","owner 059","group 059"
"car060","owner 060","group 060"
"car061","owner 061","group 061"
"car062","owner 062","group 062"
"car063","owner 063","group 063"
"car064","owner 064","group 064"
"car065","owner 065","group 065"
"car066","owner 066","group 066"
"car067","owner 067","group 067"
"car068","owner 068","group 068"
"car069","owner 069","group 069"
"car070","owner 070","group 070"
"car071","owner 071","group 071"
"car072","owner 072","group 072"
"car073","owner 073","group 073"
"car074","owner 074","group 074"
"car075","owner 075","group 075"
"car076","owner 076","group 076"
"car077","owner 077","group 077"
"car078","owner 078","group 078"
"car079","owner 079","group 079"
"car080","owner 080","group 080"
"car081","owner 081","group 081"
"car082","owner 082","group 082"
"car083","owner 083","group 083"
"car084","owner 084","group 084"
"car085","owner 085","group 085"
"car086","owner 086","group 086"
"car087","owner 087","group 087"
"car088","owner 088","group 088"
"car089","owner 089","group 089"
"car090","owner 090","group 090"
"car091","owner 091","group 091"
"car092","owner 092","group 092"
"car093","owner 093","group 093"
"car094","owner 094","group 094"
"car095","owner 095","group 095"
"car096","owner 096","group 096"
"car097","owner 097","group 097"
"car098","owner 098","group 098"
"car099","owner 099","group 099"
"car100","owner 100","group 100"
"car101","owner 101","group 101"
"car102","owner 102","group 102"
"car103","owner 103","group 103"
"car104","owner 104","group 104"
"car105","owner 105","group 105"
"car106","owner 106","group 106"
"car107","owner 107","group 107"
"car108","owner 108","group 108"
"car109","owner 109","group 109"
"car110","owner 110","group 110"
"car111","owner 111","group 111"
"car112","owner 112","group 112"
"car113","owner 113","group 113"
"car114","owner 114","group 114"
"car115","owner 115","group 115"
"car116","owner 116","group 116"
"car117","owner 117","group 117"
"car118","owner 118","group 118"
"car119","owner 119","group 119"
"car120","owner 120","group 120"
"car121","owner 121","group 121"
"car122","owner 122","group 122"
"car123","owner 123","group 123"
"car124","owner 124","group 124"
"car125","owner 125","group 125"
"car126","owner 126","group 126"
"car127","owner 127","group 127"
"car128","owner 128","group 128"
"car129","owner 129","group 129"
"car130","owner 130","group 130"
"car131","owner 131","group 131"
"car132","owner 132","group 132"
"car133","owner 133","group 133"
"car134","owner 134","group 134"
"car135","owner 135","group 135"
"car136","owner 136","group 136"
"car137","owner 137","group 137"
"car138","owner 138","group 138"
"car139","owner 139","group 139"
"car140","owner 140","group 140"
"car141","owner 141","group 141"
"car142","owner 142","group 142"
"car143","owner 143","group 143"
"car144","owner 144","group 144"
"car145","owner 145","group 145"
"car146","owner 146","group 146"
"car147","owner 147","group 147"
"car148","owner 148","group 148"
"car149","owner 149","group 149"
"car150","owner 150","group 150"
"car151","owner 151","group 151"
"car152","owner 152","group 152"
"car153","owner 153","group 153"
"car154","owner 154","group 154"
"car155","owner 155","group 155"
"car156","owner 156","group 156"
"car157","owner 157","group 157"
"car158","owner 158","group 158"
"car159","owner 159","group 159"
"car160","owner 160","group 160"
"car161","owner 161","group 161"
"car162","owner 162","group 162"
"car163","owner 163","group 163"
"car164","owner 164","group 164"
"car165","owner 165","group 165"
"car166","owner 166","group 166"
"car167","owner 167","group 167"
"car168","owner 168","group 168"
"car169","owner 169","group 169"
"car170","owner 170","group 170"
"car171","owner 171","group 171"
"car172","owner 172","group 172"
"car173","owner 173","group 173"
"car174","owner 174","group 174"
"car175","owner 175","group 175"
"car176","owner 176","group 176"
"car177","owner 177","group 177"
"car178","owner 178","group 178"
"car179","owner 179","group 179"
"car180","owner 180","group 180"
"car181","owner 181","group 181"
"car182","owner 182","group 182"
"car183","owner 183","group 183"
"car184","owner 184","group 184"
"car185","owner 185","group 185"
"car186","owner 186","group 186"
"car187","owner 187","group 187"
"car188","owner 188","group 188"
"car189","owner 189","group 189"
"car190","owner 190","group 190"
"car191","owner 191","group 191"
"car192","owner 192","group 192"
"car193","owner 193","group 193"
"car194","owner 194","group 194"
"car195","owner 195","group 195"
"car196","owner 196","group 196"
"car197","owner 197","group 197"
"car198","owner 198","group 198"
"car199","owner 199","group 199"
"car200","owner 200","group 200"
"car201","owner 201","group 201"
"car202","owner 202","group 202"
"car203","owner 203","group 203"
"car204","owner 204","group 204"
"car205","owner 205","group 205"
"car206","owner 206","group 206"
"car207","owner 207","group 207"
"car208","owner 208","group 208"
"car209","owner 209","group 209"
"car210","owner 210","group 210"
"car211","owner 211","group 211"
"car212","owner 212","group 212"
"car213","owner 213","group 213"
"car214","owner 214","group 214"
"car215","owner 215","group 215"
"car216","owner 216","group 216"
"car217","owner 217","group 217"
"car218","owner 218","group 218"
"car219","owner 219","group 219"
"car220","owner 220","group 220"
"car221","owner 221","group 221"
"car222","owner 222","group 222"
"car223","owner 223","group 223"
"car224","owner 224","group 224"
"car225","owner 225","group 225"
"car226","owner 226","group 226"
"car227","owner 227","group 227"
"car228","owner 228","group 228"
"car229","owner 229","group 229"
"car230","owner 230","group 230"
"car231","owner 231","group 231"
"car232","owner 232","group 232"
"car233","owner 233","group 233"
"car234","owner 234","group 234"
"car235","owner 235","group 235"
"car236","owner 236","group 236"
"car237","owner 237","group 237"
"car238","owner 238","group 238"
"car239","owner 239","group 239"
"car240","owner 240","group 240"
"car241","owner 241","group 241"
"car242","owner 242","group 242"
"car243","owner 243","group 243"
"car244","owner 244","group 244"
"car245","owner 245","group 245"
"car246","owner 246","group 246"
"car247","owner 247","group 247"
"car248","owner 248","group 248"
"car249","owner 249","group 249"
"car250","owner 250","group 250"
"car251","owner 251","group 251"
"car252","owner 252","group 252"
"car253","owner 253","group 253"
"car254","owner 254","group 254"
"car255","owner 255","group 255"
"car256","owner 256","group 256"
"car257","owner 257","group 257"
"car258","owner 258","group 258"
"car259","owner 259","group 259"
"car260","owner 260","group 260"
"car261","owner 261","group 261"
"car262","owner 262","group 262"
"car263","owner 263","group 263"
"car264","owner 264","group 264"
"car265","owner 265","group 265"
"car266","owner 266","group 266"
"car267","owner 267","group 267"
"car268","owner 268","group 268"
"car269","owner 269","group 269"
"car270","owner 270","group 270"
"car271","owner 271","group 271"
"car272","owner 272","group 272"
"car273","owner 273","group 273"
"car274","owner 274","group 274"
"car275","owner 275","group 275"
"car276","owner 276","group 276"
"car277","owner 277","group 277"
"car278","owner 278","group 278"
"car279","owner 279","group 279"
"car280","owner 280","group 280"
"car281","owner 281","group 281"
"car282","owner 282","group 282"
"car283","owner 283","group 283"
"car284","owner 284","group 284"
"car285","owner 285","group 285"
"car286","owner 286","group 286"
"car287","owner 287","group 287"
"car288","owner 288","group 288"
"car289","owner 289","group 289"
"car290","owner 290","group 290"
"car291","owner 291","group 291"
"car292","owner 292","group 292"
"car293","owner 293","group 293"
"car294","owner 294","group 294"
"car295","owner 295","group 295"
"car296","owner 296","group 296"
"car297","owner 297","group 297"
"car298","owner 298","group 298"
"car299","owner 299","group 299"
"car300","owner 300","group 300"
"car301","owner 301","group 301"
"car302","owner 302","group 302"
"car303","owner 303","group 303"
"car304","owner 304","group 304"
"car305","owner 305","group 305"
"car306","owner 306","group 306"
"car307","owner 307","group 307"
"car308","owner 308","group 308"
"car309","owner 309","group 309"
"car310","owner 310","group 310"
"car311","owner 311","group 311"
"car312","owner 312","group 312"
"car313","owner 313","group 313"
"car314","owner 314","group 314"
"car315","owner 315","group 315"
"car316","owner 316","group 316"
"car317","owner 317","group 317"
"car318","owner 318","group 318"
"car319","owner 319","group 319"
"car320","owner 320","group 320"
"car321","owner 321","group 321"
"car322","owner 322","group 322"
"car323","owner 323","group 323"
"car324","owner 324","group 324"
"car325","owner 325","group 325"
"car326","owner 326","group 326"
"car327","owner 327","group 327"
"car328","owner 328","group 328"
"car329","owner 329","group 329"
"car330","owner 330","group 330"
"car331","owner 331","group 331"
"car332","owner 332","group 332"
"car333","owner 333","group 333"
"car334","owner 334","group 334"
"car335","owner 335","group 335"
"car336","owner 336","group 336"
"car337","owner 337","group 337"
"car338","owner 338","group 338"
"car339","owner 339","group 339"
"car340","owner 340","group 340"
"car341","owner 341","group 341"
"car342","owner 342","group 342"
"car343","owner 343","group 343"
"car344","owner 344","group 344"
"car345","owner 345","group 345"
"car346","owner 346","group 346"
"car347","owner 347","group 347"
"car348","owner 348","group 348"
"car349","owner 349","group 349"
"car350","owner 350","group 350"
"car351","owner 351","group 351"
"car352","owner 352","group 352"
"car353","owner 353","group 353"
"car354","owner 354","group 354"
"car355","owner 355","group 355"
"car356","owner 356","group 356"
"car357","owner 357","group 357"
"car358","owner 358","group 358"
"car359","owner 359","group 359"
"car360","owner 360","group 360"
"car361","owner 361","group 361"
"car362","owner 362","group 362"
"car363","owner 363","group 363"
"car364","owner 364","group 364"
"car365","owner 365","group 365"
"car366","owner 366","group 366"
"car367","owner 367","group 367"
"car368","owner 368","group 368"
"car369","owner 369","group 369"
"car370","owner 370","group 370"
"car371","owner 371","group 371"
"car372","owner 372","group 372"
"car373","owner 373","group 373"
"car374","owner 374","group 374"
"car375","owner 375","group 375"
"car376","owner 376","group 376"
"car377","owner 377","group 377"
"car378","owner 378","group 378"
"car379","owner 379","group 379"
"car380","owner 380","group 380"
"car381","owner 381","group 381"
"car382","owner 382","group 382"
"car383","owner 383","group 383"
"car384","owner 384","group 384"
"car385","owner 385","group 385"
"car386","owner 386","group 386"
"car387","owner 387","group 387"
"car388","owner 388","group 388"
"car389","owner 389","group 389"
"car390","owner 390","group 390"
"car391","owner 391","group 391"
"car392","owner 392","group 392"
"car393","owner 393","group 393"
"car394","owner 394","group 394"
"car395","owner 395","group 395"
"car396","owner 396","group 396"
"car397","owner 397","group 397"
"car398","owner 398","group 398"
"car399","owner 399","group 399"
"car400","owner 400","group 400"
"car401","owner 401","group 401"
"car402","owner 402","group 402"
"car403","owner 403","group 403"
"car404","owner 404","group 404"
"car405","owner 405","group 405"
"car406","owner 406","group 406"
"car407","owner 407","group 407"
"car408","owner 408","group 408"
"car409","owner 409","group 409"
"car410","owner 410","group 410"
"car411","owner 411","group 411"
"car412","owner 412","group 412"
"car413","owner 413","group 413"
"car414","owner 414","group 414"
"car415","owner 415","group 415"
"car416","owner 416","group 416"
"car417","owner 417","group 417"
"car418","owner 418","group 418"
"car419","owner 419","group 419"
"car420","owner 420","group 420"
"car421","owner 421","group 421"
"car422","owner 422","group 422"
"car423","owner 423","group 423"
"car424","owner 424","group 424"
"car425","owner 425","group 425"
"car426","owner 426","group 426"
"car427","owner 427","group 427"
"car428","owner 428","group 428"
"car429","owner 429","group 429"
"car430","owner 430","group 430"
"car431","owner 431","group 431"
"car432","owner 432","group 432"
"car433","owner 433","group 433"
"car434","owner 434","group 434"
"car435","owner 435","group 435"
"car436","owner 436","group 436"
"car437","owner 437","group 437"
"car438","owner 438","group 438"
"car439","owner 439","group 439"
"car440","owner 440","group 440"
"car441","owner 441","group 441"
"car442","owner 442","group 442"
"car443","owner 443","group 443"
"car444","owner 444","group 444"
"car445","owner 445","group 445"
"car446","owner 446","group 446"
"car447","owner 447","group 447"
"car448","owner 448","group 448"
"car449","owner 449","group 449"
"car450","owner 450","group 450"
"car451","owner 451","group 451"
"car452","owner 452","group 452"
"car453","owner 453","group 453"
"car454","owner 454","group 454"
"car455","owner 455","group 455"
"car456","owner 456","group 456"
"car457","owner 457","group 457"
"car458","owner 458","group 458"
"car459","owner 459","group 459"
"car460","owner 460","group 460"
"car461","owner 461","group 461"
"car462","owner 462","group 462"
"car463","owner 463","group 463"
"car464","owner 464","group 464"
"car465","owner 465","group 465"
"car466","owner 466","group 466"
"car467","owner 467","group 467"
"car468","owner 468","group 468"
"car469","owner 469","group 469"
"car470","owner 470","group 470"
"car471","owner 471","group 471"
"car472","owner 472","group 472"
"car473","owner 473","group 473"
"car474","owner 474","group 474"
"car475","owner 475","group 475"
"car476","owner 476","group 476"
"car477","owner 477","group 477"
"car478","owner 478","group 478"
"car479","owner 479","group 479"
"car480","owner 480","group 480"
"car481","owner 481","group 481"
"car482","owner 482","group 482"
"car483","owner 483","group 483"
"car484","owner 484","group 484"
"car485","owner 485","group 485"
"car486","owner 486","group 486"
"car487","owner 487","group 487"
"car488","owner 488","group 488"
"car489","owner 489","group 489"
"car490","owner 490","group 490"
"car491","owner 491","group 491"
"car492","owner 492","group 492"
"car493","owner 493","group 493"
"car494","owner 494","group 494"
"car495","owner 495","group 495"
"car496","owner 496","group 496"
"car497","owner 497","group 497"
"car498","owner 498","group 498"
"car499","owner 499","group 499"
"car500","owner 500","group 500"
"car501","owner 501","group 501"
"car502","owner 502","group 502"
"car503","owner 503","group 503"
"car504","owner 504","group 504"
"car505","owner 505","group 505"
"car506","owner 506","group 506"
"car507","owner 507","group 507"
"car508","owner 508","group 508"
"car509","owner 509","group 509"
"car510","owner 510","group 510"
"car511","owner 511","group 511"
"car512","owner 512","group 512"
"car513","owner 513","group 513"
"car514","owner 514","group 514"
"car515","owner 515","group 515"
"car516","owner 516","group 516"
"car517","owner 517","group 517"
"car518","owner 518","group 518"
"car519","owner 519","group 519"
"car520","owner 520","group 520"
"car521","owner 521","group 521"
"car522","owner 522","group 522"
"car523","owner 523","group 523"
"car524","owner 524","group 524"
"car525","owner 525","group 525"
"car526","owner 526","group 526"
"car527","owner 527","group 527"
"car528","owner 528","group 528"
"car529","owner 529","group 529"
"car530","owner 530","group 530"
"car531","owner 531","group 531"
"car532","owner 532","group 532"
"car533","owner 533","group 533"
"car534","owner 534","group 534"
"car535","owner 535","group 535"
"car536","owner 536","group 536"
"car537","owner 537","group 537"
"car538","owner 538","group 538"
"car539","owner 539","group 539"
"car540","owner 540","group 540"
"car541","owner 541","group 541"
"car542","owner 542","group 542"
"car543","owner 543","group 543"
"car544","owner 544","group 544"
"car545","owner 545","group 545"
"car546","owner 546","group 546"
"car547","owner 547","group 547"
"car548","owner 548","group 548"
"car549","owner 549","group 549"
"car550","owner 550","group 550"
"car551","owner 551","group 551"
"car552","owner 552","group 552"
"car553","owner 553","group 553"
"car554","owner 554","group 554"
"car555","owner 555","group 555"
"car556","owner 556","group 556"
"car557","owner 557","group 557"
"car558","owner 558","group 558"
"car559","owner 559","group 559"
"car560","owner 560","group 560"
"car561","owner 561","group 561"
"car562","owner 562","group 562"
"car563","owner 563","group 563"
"car564","owner 564","group 564"
"car565","owner 565","group 565"
"car566","owner 566","group 566"
"car567","owner 567","group 567"
"car568","owner 568","group 568"
"car569","owner 569","group 569"
"car570","owner 570","group 570"
"car571","owner 571","group 571"
"car572","owner 572","group 572"
"car573","owner 573","group 573"
"car574","owner 574","group 574"
"car575","owner 575","group 575"
"car576","owner 576","group 576"
"car577","owner 577","group 577"
"car578","owner 578","group 578"
"car579","owner 579","group 579"
"car580","owner 580","group 580"
"car581","owner 581","group 581"
"car582","owner 582","group 582"
"car583","owner 583","group 583"
"car584","owner 584","group 584"
"car585","owner 585","group 585"
"car586","owner 586","group 586"
"car587","owner 587","group 587"
"car588","owner 588","group 588"
"car589","owner 589","group 589"
"car590","owner 590","group 590"
"car591","owner 591","group 591"
"car592","owner 592","group 592"
"car593","owner 593","group 593"
"car594","owner 594","group 594"
"car595","owner 595","group 595"
"car596","owner 596","group 596"
"car597","owner 597","group 597"
"car598","owner 598","group 598"
"car599","owner 599","group 599"
"car600","owner 600","group 600"
"car601","owner 601","group 601"
"car602","owner 602","group 602"
"car603","owner 603","group 603"
"car604","owner 604","group 604"
"car605","owner 605","group 605"
"car606","owner 606","group 606"
"car607","owner 607","group 607"
"car608","owner 608","group 608"
"car609","owner 609","group 609"
"car610","owner 610","group 610"
"car611","owner 611","group 611"
"car612","owner 612","group 612"
"car613","owner 613","group 613"
"car614","owner 614","group 614"
"car615","owner 615","group 615"
"car616","owner 616","group 616"
"car617","owner 617","group 617"
"car618","owner 618","group 618"
"car619","owner 619","group 619"
"car620","owner 620","group 620"
"car621","owner 621","group 621"
"car622","owner 622","group 622"
"car623","owner 623","group 623"
"car624","owner 624","group 624"
"car625","owner 625","group 625"
"car626","owner 626","group 626"
"car627","owner 627","group 627"
"car628","owner 628","group 628"
"car629","owner 629","group 629"
"car630","owner 630","group 630"
"car631","owner 631","group 631"
"car632","owner 632","group 632"
"car633","owner 633","group 633"
"car634","owner 634","group 634"
"car635","owner 635","group 635"
"car636","owner 636","group 636"
"car637","owner 637","group 637"
"car638","owner 638","group 638"
"car639","owner 639","group 639"
"car640","owner 640","group 640"
"car641","owner 641","group 641"
"car642","owner 642","group 642"
"car643","owner 643","group 643"
"car644","owner 644","group 644"
"car645","owner 645","group 645"
"car646","owner 646","group 646"
"car647","owner 647","group 647"
"car648","owner 648","group 648"
"car649","owner 649","group 649"
"car650","owner 650","group 650"
"car651","owner 651","group 651"
"car652","owner 652","group 652"
"car653","owner 653","group 653"
"car654","owner 654","group 654"
"car655","owner 655","group 655"
"car656","owner 656","group 656"
"car657","owner 657","group 657"
"car658","owner 658","group 658"
"car659","owner 659","group 659"
"car660","owner 660","group 660"
"car661","owner 661","group 661"
"car662","owner 662","group 662"
"car663","owner 663","group 663"
"car664","owner 664","group 664"
"car665","owner 665","group 665"
"car666","owner 666","group 666"
"car667","owner 667","group 667"
"car668","owner 668","group 668"
"car669","owner 669","group 669"
"car670","owner 670","group 670"
"car671","owner 671","group 671"
"car672","owner 672","group 672"
"car673","owner 673","group 673"
"car674","owner 674","group 674"
"car675","owner 675","group 675"
"car676","owner 676","group 676"
"car677","owner 677","group 677"
"car678","owner 678","group 678"
"car679","owner 679","group 679"
"car680","owner 680","group 680"
"car681","owner 681","group 681"
"car682","owner 682","group 682"
"car683","owner 683","group 683"
"car684","owner 684","group 684"
"car685","owner 685","group 685"
"car686","owner 686","group 686"
"car687","owner 687","group 687"
"car688","owner 688","group 688"
"car689","owner 689","group 689"
"car690","owner 690","group 690"
"car691","owner 691","group 691"
"car692","owner 692","group 692"
"car693","owner 693","group 693"
"car694","owner 694","group 694"
"car695","owner 695","group 695"
"car696","owner 696","group 696"
"car697","owner 697","group 697"
"car698","owner 698","group 698"
"car699","owner 699","group 699"
"car700","owner 700","group 700"
"car701","owner 701","group 701"
"car702","owner 702","group 702"
"car703","owner 703","group 703"
"car704","owner 704","group 704"
"car705","owner 705","group 705"
"car706","owner 706","group 706"
"car707","owner 707","group 707"
"car708","owner 708","group 708"
"car709","owner 709","group 709"
"car710","owner 710","group 710"
"car711","owner 711","group 711"
"car712","owner 712","group 712"
"car713","owner 713","group 713"
"car714","owner 714","group 714"
"car715","owner 715","group 715"
"car716","owner 716","group 716"
"car717","owner 717","group 717"
"car718","owner 718","group 718"
"car719","owner 719","group 719"
"car720","owner 720","group 720"
"car721","owner 721","group 721"
"car722","owner 722","group 722"
"car723","owner 723","group 723"
"car724","owner 724","group 724"
"car725","owner 725","group 725"
"car726","owner 726","group 726"
"car727","owner 727","group 727"
"car728","owner 728","group 728"
"car729","owner 729","group 729"
"car730","owner 730","group 730"
"car731","owner 731","group 731"
"car732","owner 732","group 732"
"car733","owner 733","group 733"
"car734","owner 734","group 734"
"car735","owner 735","group 735"
"car736","owner 736","group 736"
"car737","owner 737","group 737"
"car738","owner 738","group 738"
"car739","owner 739","group 739"
"car740","owner 740","group 740"
"car741","owner 741","group 741"
"car742","owner 742","group 742"
"car743","owner 743","group 743"
"car744","owner 744","group 744"
"car745","owner 745","group 745"
"car746","owner 746","group 746"
"car747","owner 747","group 747"
"car748","owner 748","group 748"
"car749","owner 749","group 749"
"car750","owner 750","group 750"
"car751","owner 751","group 751"
"car752","owner 752","group 752"
"car753","owner 753","group 753"
"car754","owner 754","group 754"
"car755","owner 755","group 755"
"car756","owner 756","group 756"
"car757","owner 757","group 757"
"car758","owner 758","group 758"
"car759","owner 759","group 759"
"car760","owner 760","group 760"
"car761","owner 761","group 761"
"car762","owner 762","group 762"
"car763","owner 763","group 763"
"car764","owner 764","group 764"
"car765","owner 765","group 765"
"car766","owner 766","group 766"
"car767","owner 767","group 767"
"car768","owner 768","group 768"
"car769","owner 769","group 769"
"car770","owner 770","group 770"
"car771","owner 771","group 771"
"car772","owner 772","group 772"
"car773","owner 773","group 773"
"car774","owner 774","group 774"
"car775","owner 775","group 775"
"car776","owner 776","group 776"
"car777","owner 777","group 777"
"car778","owner 778","group 778"
"car779","owner 779","group 779"
"car780","owner 780","group 780"
"car781","owner 781","group 781"
"car782","owner 782","group 782"
"car783","owner 783","group 783"
"car784","owner 784","group 784"
"car785","owner 785","group 785"
"car786","owner 786","group 786"
"car787","owner 787","group 787"
"car788","owner 788","group 788"
"car789","owner 789","group 789"
"car790","owner 790","group 790"
"car791","owner 791","group 791"
"car792","owner 792","group 792"
"car793","owner 793","group 793"
"car794","owner 794","group 794"
"car795","owner 795","group 795"
"car796","owner 796","group 796"
"car797","owner 797","group 797"
"car798","owner 798","group 798"
"car799","owner 799","group 799"
"car800","owner 800","group 800"
"car801","owner 801","group 801"
"car802","owner 802","group 802"
"car803","owner 803","group 803"
"car804","owner 804","group 804"
"car805","owner 805","group 805"
"car806","owner 806","group 806"
"car807","owner 807","group 807"
"car808","owner 808","group 808"
"car809","owner 809","group 809"
"car810","owner 810","group 810"
"car811","owner 811","group 811"
"car812","owner 812","group 812"
"car813","owner 813","group 813"
"car814","owner 814","group 814"
"car815","owner 815","group 815"
"car816","owner 816","group 816"
"car817","owner 817","group 817"
"car818","owner 818","group 818"
"car819","owner 819","group 819"
"car820","owner 820","group 820"
"car821","owner 821","group 821"
"car822","owner 822","group 822"
"car823","owner 823","group 823"
"car824","owner 824","group 824"
"car825","owner 825","group 825"
"car826","owner 826","group 826"
"car827","owner 827","group 827"
"car828","owner 828","group 828"
"car829","owner 829","group 829"
"car830","owner 830","group 830"
"car831","owner 831","group 831"
"car832","owner 832","group 832"
"car833","owner 833","group 833"
"car834","owner 834","group 834"
"car835","owner 835","group 835"
"car836","owner 836","group 836"
"car837","owner 837","group 837"
"car838","owner 838","group 838"
"car839","owner 839","group 839"
"car840","owner 840","group 840"
"car841","owner 841","group 841"
"car842","owner 842","group 842"
"car843","owner 843","group 843"
"car844","owner 844","group 844"
"car845","owner 845","group 845"
"car846","owner 846","group 846"
"car847","owner 847","group 847"
"car848","owner 848","group 848"
"car849","owner 849","group 849"
"car850","owner 850","group 850"
"car851","owner 851","group 851"
"car852","owner 852","group 852"
"car853","owner 853","group 853"
"car854","owner 854","group 854"
"car855","owner 855","group 855"
"car856","owner 856","group 856"
"car857","owner 857","group 857"
"car858","owner 858","group 858"
"car859","owner 859","group 859"
"car860","owner 860","group 860"
"car861","owner 861","group 861"
"car862","owner 862","group 862"
"car863","owner 863","group 863"
"car864","owner 864","group 864"
"car865","owner 865","group 865"
"car866","owner 866","group 866"
"car867","owner 867","group 867"
"car868","owner 868","group 868"
"car869","owner 869","group 869"
"car870","owner 870","group 870"
"car871","owner 871","group 871"
"car872","owner 872","group 872"
"car873","owner 873","group 873"
"car874","owner 874","group 874"
"car875","owner 875","group 875"
"car876","owner 876","group 876"
"car877","owner 877","group 877"
"car878","owner 878","group 878"
"car879","owner 879","group 879"
"car880","owner 880","group 880"
"car881","owner 881","group 881"
"car882","owner 882","group 882"
"car883","owner 883","group 883"
"car884","owner 884","group 884"
"car885","owner 885","group 885"
"car886","owner 886","group 886"
"car887","owner 887","group 887"
"car888","owner 888","group 888"
"car889","owner 889","group 889"
"car890","owner 890","group 890"
"car891","owner 891","group 891"
"car892","owner 892","group 892"
"car893","owner 893","group 893"
"car894","owner 894","group 894"
"car895","owner 895","group 895"
"car896","owner 896","group 896"
"car897","owner 897","group 897"
"car898","owner 898","group 898"
"car899","owner 899","group 899"
"car900","owner 900","group 900"
"car901","owner 901","group 901"
"car902","owner 902","group 902"
"car903","owner 903","group 903"
"car904","owner 904","group 904"
"car905","owner 905","group 905"
"car906","owner 906","group 906"
"car907","owner 907","group 907"
"car908","owner 908","group 908"
"car909","owner 909","group 909"
"car910","owner 910","group 910"
"car911","owner 911","group 911"
"car912","owner 912","group 912"
"car913","owner 913","group 913"
"car914","owner 914","group 914"
"car915","owner 915","group 915"
"car916","owner 916","group 916"
"car917","owner 917","group 917"
"car918","owner 918","group 918"
"car919","owner 919","group 919"
"car920","owner 920","group 920"
"car921","owner 921","group 921"
"car922","owner 922","group 922"
"car923","owner 923","group 923"
"car924","owner 924","group 924"
"car925","owner 925","group 925"
"car926","owner 926","group 926"
"car927","owner 927","group 927"
"car928","owner 928","group 928"
"car929","owner 929","group 929"
"car930","owner 930","group 930"
"car931","owner 931","group 931"
"car932","owner 932","group 932"
"car933","owner 933","group 933"
"car934","owner 934","group 934"
"car935","owner 935","group 935"
"car936","owner 936","group 936"
"car937","owner 937","group 937"
"car938","owner 938","group 938"
"car939","owner 939","group 939"
"car940","owner 940","group 940"
"car941","owner 941","group 941"
"car942","owner 942","group 942"
"car943","owner 943","group 943"
"car944","owner 944","group 944"
"car945","owner 945","group 945"
"car946","owner 946","group 946"
"car947","owner 947","group 947"
"car948","owner 948","group 948"
"car949","owner 949","group 949"
"car950","owner 950","group 950"
"car951","owner 951","group 951"
"car952","owner 952","group 952"
"car953","owner 953","group 953"
"car954","owner 954","group 954"
"car955","owner 955","group 955"
"car956","owner 956","group 956"
"car957","owner 957","group 957"
"car958","owner 958","group 958"
"car959","owner 959","group 959"
"car960","owner 960","group 960"
"car961","owner 961","group 961"
"car962","owner 962","group 962"
"car963","owner 963","group 963"
"car964","owner 964","group 964"
"car965","owner 965","group 965"
"car966","owner 966","group 966"
"car967","owner 967","group 967"
"car968","owner 968","group 968"
"car969","owner 969","group 969"
"car970","owner 970","group 970"
"car971","owner 971","group 971"
"car972","owner 972","group 972"
"car973","owner 973","group 973"
"car974","owner 974","group 974"
"car975","owner 975","group 975"
"car976","owner 976","group 976"
"car977","owner 977","group 977"
"car978","owner 978","group 978"
"car979","owner 979","group 979"
"car980","owner 980","group 980"
"car981","owner 981","group 981"
"car982","owner 982","group 982"
"car983","owner 983","group 983"
"car984","owner 984","group 984"
"car985","owner 985","group 985"
"car986","owner 986","group 986"
"car987","owner 987","group 987"
"car988","owner 988","group 988"
"car989","owner 989","group 989"
"car990","owner 990","group 990"
"car991","owner 991","group 991"
"car992","owner 992","group 992"
"car993","owner 993","group 993"
"car994","owner 994","group 994"
"car995","owner 995","group 995"
"car996","owner 996","group 996"
"car997","owner 997","group 997"
"car998","owner 998","group 998"
"car999","owner 999","group 999"
